{
    "mtx": [
        [
            463.12947768019154,
            0.0,
            333.48769263914704
        ],
        [
            0.0,
            465.437493148474,
            249.5271369302545
        ],
        [
            0.0,
            0.0,
            1.0
        ]
    ],
    "dist": [
        [
            0.06525707199325663,
            -0.5253223881237351,
            0.004143090011032526,
            -0.00399083506258869,
            0.7207512992985567
        ]
    ],
    "rvecs": [
        [
            [
                0.7021089797264247
            ],
            [
                0.1749995597987327
            ],
            [
                -0.10823953136852371
            ]
        ],
        [
            [
                -0.06650883152227322
            ],
            [
                0.09146059997630507
            ],
            [
                0.004717811229215806
            ]
        ],
        [
            [
                -0.10950996716564655
            ],
            [
                0.001428481252911042
            ],
            [
                -0.07740351024155266
            ]
        ],
        [
            [
                -0.2933994905319324
            ],
            [
                -0.062198296847405854
            ],
            [
                -3.1241943442976496
            ]
        ],
        [
            [
                -0.058767842729212746
            ],
            [
                -0.244886315545432
            ],
            [
                0.03708107445798761
            ]
        ],
        [
            [
                -0.8413021383476346
            ],
            [
                -0.2658176214961463
            ],
            [
                -0.2303237392915762
            ]
        ],
        [
            [
                -0.8581317880920738
            ],
            [
                -0.1938750342916886
            ],
            [
                -0.2815440207110256
            ]
        ],
        [
            [
                -0.0559174418621257
            ],
            [
                -0.17269608888665844
            ],
            [
                -0.042458948744111526
            ]
        ],
        [
            [
                -0.7893558426080243
            ],
            [
                -0.036366294180476266
            ],
            [
                -0.1261167974734777
            ]
        ],
        [
            [
                -0.5471473998416491
            ],
            [
                -0.8819870919741268
            ],
            [
                -0.8829586083870259
            ]
        ],
        [
            [
                0.6804094289954985
            ],
            [
                0.13262023443771673
            ],
            [
                -0.09502746076883888
            ]
        ],
        [
            [
                -0.11768673083254112
            ],
            [
                0.0217064417022159
            ],
            [
                -0.08346010002608768
            ]
        ],
        [
            [
                -0.4577341600576206
            ],
            [
                -0.7162904317122443
            ],
            [
                -0.711219567517212
            ]
        ],
        [
            [
                -0.1598924209317061
            ],
            [
                0.07526492629110348
            ],
            [
                -0.05082643938046719
            ]
        ],
        [
            [
                0.026624010695736278
            ],
            [
                0.16222979710817287
            ],
            [
                3.092972020716861
            ]
        ],
        [
            [
                -0.3498096754727373
            ],
            [
                -1.0413045203805034
            ],
            [
                -1.1870841425192156
            ]
        ],
        [
            [
                -0.7616907515637912
            ],
            [
                1.1523569118638364
            ],
            [
                1.8841566573668758
            ]
        ],
        [
            [
                -0.11008822417337873
            ],
            [
                -0.0541339579577054
            ],
            [
                -0.06883608660444719
            ]
        ],
        [
            [
                -0.4332895807737628
            ],
            [
                -0.1378296498553461
            ],
            [
                -0.13081009540507826
            ]
        ],
        [
            [
                -0.07798170743965323
            ],
            [
                0.0011952443914443997
            ],
            [
                -0.08343070284425319
            ]
        ],
        [
            [
                -0.12810555292678166
            ],
            [
                -0.20102749307800788
            ],
            [
                -0.06683407806338403
            ]
        ],
        [
            [
                -0.44146006121615405
            ],
            [
                -1.0378021840168155
            ],
            [
                -1.0839577239935956
            ]
        ],
        [
            [
                -0.19294674741348658
            ],
            [
                -0.1474028386841743
            ],
            [
                -0.09502410914458813
            ]
        ]
    ],